{
	"items": [
		{
			"id": 0,
			"img": "res://Assets/Sprites/Fishable/Merluza Antartica.svg",
			"name": "Merluza Antartica",
			"description": "también conocida como bacalao de la Antártida, es un pez grande que habita en las aguas frías del Océano Austral, alrededor de la Antártida. Puede alcanzar longitudes de más de 2 metros y pesar hasta 100 kg. Este pez es conocido por su carne blanca y su capacidad de producir proteínas anticongelantes que le permiten sobrevivir en temperaturas extremadamente bajas.",
			"fishable": true,
			"price": 100,
			"specialty_level": 1,
			"fished_message": "Has atrapado una Merluza Antartica.",
			"stackable_to": 10,
			"investigable": true,
			"investigated_message": "Has aprendido sobre la Merluza Antartica",
			"investigable_texture": "res://Assets/UI/ItemManagement/Investigation/DiaryPages/Merlusa antartica.png"
		},
		{
			"id": 1,
			"img": "res://Assets/Sprites/Fishable/Bottle.svg",
			"name": "Botella",
			"description": "Una botella vacia de algun liquido el cual ha sido consumido, no aparenta tener mucho valor.",
			"fishable": true,
			"price": 5,
			"specialty_level": 0,
			"fished_message": "Haz encontrado una Botella.",
			"stackable_to": 1,
			"investigable": false,
		},
		{
			"id": 2,
			"img": "res://Assets/Sprites/Fishable/Bota.svg",
			"name": "Bota",
			"description": "Una bota usada y perdida, una bota nueva y encontrada no estaria en el oceano, no aparenta tener mucho valor.",
			"fishable": true,
			"price": 10,
			"specialty_level": 0,
			"fished_message": "Haz encontrado una Bota.",
			"stackable_to": 1,
			"investigable": false,
		},
		{
			"id": 3,
			"img": "res://Assets/Sprites/Fishable/WetCigarrette.svg",
			"name": "Cigarro Mojado",
			"description": "Un Cigarrillo que alguien lanzo al mar, sorprendentemente su papel se encuentra mojado mas no ha perdido masa, demostrando sus notables capacidades quimicamente toxicas (fumar es malo niños).",
			"fishable": true,
			"price": 1,
			"specialty_level": 0,
			"fished_message": "Iugh, eso es un Cigarro Mojado?.",
			"stackable_to": 1,
			"investigable": false,
		},
		{
			"id": 4,
			"img": "res://Assets/Sprites/Fishable/AnillaLatas.svg",
			"name": "Anilla para latas",
			"description": "Un trozo de plastico con 6 agujeros el cual en un tiempo anterior se utilizo para mantener juntos paquetes de bebidas enlatadas, lastimozamente son de las principales encargadas de atacar la fauna del oceano.",
			"fishable": true,
			"price": 2,
			"specialty_level": 0,
			"fished_message": "Haz encontrado una Anilla para Latas.",
			"stackable_to": 1,
			"investigable": false,
		},
		{
			"id": 5,
			"img": "res://Assets/Sprites/Fishable/Draco Antartico.svg",
			"name": "Draco Antartico",
			"description": "Un pez comun de la zona, notable por su aparente transparencia, esta generada por su falta de globulos rojos.",
			"fishable": true,
			"price": 150,
			"specialty_level": 2,
			"fished_message": "Has atrapado un Draco Antartico.",
			"stackable_to": 10,
			"investigable": true,
			"investigated_message": "Has aprendido sobre el Draco Antartico",
			"investigable_texture": "res://Assets/UI/ItemManagement/Investigation/DiaryPages/Draco Antartico.png"
		},
		{
			"id": 6,
			"img": "res://Assets/Sprites/Items/Rope.svg",
			"name": "Cuerda",
			"description": "Un conjunto de fibras flexibles que crean una segura herramienta para amarrar objetos e incluso para facilitar la escalada.",
			"fishable": false,
			"price": 500,
			"specialty_level": 2,
				"fished_message": "Has conseguido cuerda.",
			"stackable_to": 5,
			"investigable": false,
		},
	],
}
